link,label
https://www.tiktok.com/@18757554bna/video/7214754532914433306?q=%E0%B9%82%E0%B8%A2%E0%B8%84%E0%B8%B0&t=1703593496885,Healthy Lifestyle and Weight Loss
https://www.tiktok.com/@amily_99/video/6947272572421639426,Healthy Lifestyle and Weight Loss
https://www.tiktok.com/@bbjjgym/video/7166825347437284634,Healthy Lifestyle and Weight Loss
https://www.tiktok.com/@biespooh/video/7171475438303268123?q=%E0%B9%80%E0%B8%A7%E0%B8%97%E0%B9%80%E0%B8%97%E0%B8%A3%E0%B8%99%E0%B8%99%E0%B8%B4%E0%B9%88%E0%B8%87&t=1703608129020,Healthy Lifestyle and Weight Loss
https://www.tiktok.com/@biw_worada/video/7254436138528640262?q=Healthy%20lifestyle&t=1703609701844,Healthy Lifestyle and Weight Loss
https://www.tiktok.com/@brownbeam_teamdiet/video/7035493619943443714?q=%E0%B8%AD%E0%B8%AD%E0%B8%81%E0%B8%81%E0%B8%B3%E0%B8%A5%E0%B8%B1%E0%B8%87%E0%B8%81%E0%B8%B2%E0%B8%A2%20%E0%B8%A5%E0%B8%94%E0%B8%99%E0%B9%89%E0%B8%B3%E0%B8%AB%E0%B8%99%E0%B8%B1%E0%B8%81&t=1703608823642,Healthy Lifestyle and Weight Loss
https://www.tiktok.com/@callmeplayjoy/video/7168800887811394842?q=%E0%B9%80%E0%B8%A7%E0%B8%97%E0%B9%80%E0%B8%97%E0%B8%A3%E0%B8%99%E0%B8%99%E0%B8%B4%E0%B9%88%E0%B8%87&t=1703608129020,Healthy Lifestyle and Weight Loss
https://www.tiktok.com/@callmeplayjoy/video/7174034286323010842?q=%E0%B8%AD%E0%B8%AD%E0%B8%81%E0%B8%81%E0%B8%B3%E0%B8%A5%E0%B8%B1%E0%B8%87%E0%B8%81%E0%B8%B2%E0%B8%A2%20%E0%B8%A5%E0%B8%94%E0%B8%99%E0%B9%89%E0%B8%B3%E0%B8%AB%E0%B8%99%E0%B8%B1%E0%B8%81&t=1703608823642,Healthy Lifestyle and Weight Loss
https://www.tiktok.com/@callmeplayjoy/video/7244143436759174405?q=%E0%B8%AD%E0%B8%AD%E0%B8%81%E0%B8%81%E0%B8%B3%E0%B8%A5%E0%B8%B1%E0%B8%87%E0%B8%81%E0%B8%B2%E0%B8%A2%20%E0%B8%A5%E0%B8%94%E0%B8%99%E0%B9%89%E0%B8%B3%E0%B8%AB%E0%B8%99%E0%B8%B1%E0%B8%81&t=1703608823642,Healthy Lifestyle and Weight Loss
https://www.tiktok.com/@crazygirl_muscle/video/7293080248038542598?q=%E0%B9%80%E0%B8%A7%E0%B8%97%E0%B9%80%E0%B8%97%E0%B8%A3%E0%B8%99%E0%B8%99%E0%B8%B4%E0%B9%88%E0%B8%87&t=1703608129020,Healthy Lifestyle and Weight Loss
https://www.tiktok.com/@108kgdiary/video/7300761211682000134?q=%E0%B8%A7%E0%B8%B4%E0%B9%88%E0%B8%87&t=1703606282389,Running
https://www.tiktok.com/@alansalinas__/video/7286119138660076806?q=running%20training&t=1703607927867,Running
https://www.tiktok.com/@allianz_ayudhya/video/7255336465746513153?q=%E0%B8%A7%E0%B8%B4%E0%B9%88%E0%B8%87&t=1703606282389,Running
https://www.tiktok.com/@annedayyyy/video/6948413871237401857?q=%E0%B8%A7%E0%B8%B4%E0%B9%88%E0%B8%87&t=1703606282389,Running
https://www.tiktok.com/@annedayyyy/video/6954361013764459778?q=%E0%B8%A7%E0%B8%B4%E0%B9%88%E0%B8%87&t=1703606282389,Running
https://www.tiktok.com/@anonnxxxx/video/7304600169243217158?q=running%20training&t=1703607927867,Running
https://www.tiktok.com/@aof_phongsak39/video/7188088296537459995?q=%E0%B8%A7%E0%B8%B4%E0%B9%88%E0%B8%87&t=1703606282389,Running
https://www.tiktok.com/@arnon_football/video/7295735373131500805?q=%E0%B8%A7%E0%B8%B4%E0%B9%88%E0%B8%87&t=1703606282389,Running
https://www.tiktok.com/@aurunning/video/7240348607717674267?q=%E0%B8%A7%E0%B8%B4%E0%B9%88%E0%B8%87&t=1703606282389,Running
https://www.tiktok.com/@bank_missiontorun/video/7209050742034894086?q=%E0%B8%A7%E0%B8%B4%E0%B9%88%E0%B8%87&t=1703606282389,Running
https://www.tiktok.com/@apetitehealthy/video/7267519997533113605?q=%E0%B9%80%E0%B8%A7%E0%B8%97%E0%B9%80%E0%B8%97%E0%B8%A3%E0%B8%99%E0%B8%99%E0%B8%B4%E0%B9%88%E0%B8%87&t=1703608129020,Weight Lifting
https://www.tiktok.com/@arlives/video/7246743849832402182?q=%E0%B8%AD%E0%B8%AD%E0%B8%81%E0%B8%81%E0%B8%B3%E0%B8%A5%E0%B8%B1%E0%B8%87%E0%B8%81%E0%B8%B2%E0%B8%A2%20%E0%B8%A5%E0%B8%94%E0%B8%99%E0%B9%89%E0%B8%B3%E0%B8%AB%E0%B8%99%E0%B8%B1%E0%B8%81&t=1703608823642,Weight Lifting
https://www.tiktok.com/@ar.ngoon/video/7235625227319840006?q=%E0%B9%80%E0%B8%A7%E0%B8%97%E0%B9%80%E0%B8%97%E0%B8%A3%E0%B8%99%E0%B8%99%E0%B8%B4%E0%B9%88%E0%B8%87&t=1703608129020,Weight Lifting
https://www.tiktok.com/@ar.ngoon/video/7245994440890780934?q=%E0%B9%80%E0%B8%A7%E0%B8%97%E0%B9%80%E0%B8%97%E0%B8%A3%E0%B8%99%E0%B8%99%E0%B8%B4%E0%B9%88%E0%B8%87&t=1703608129020,Weight Lifting
https://www.tiktok.com/@attwisut/video/7239352487780584710?q=%E0%B9%80%E0%B8%A7%E0%B8%97%E0%B9%80%E0%B8%97%E0%B8%A3%E0%B8%99%E0%B8%99%E0%B8%B4%E0%B9%88%E0%B8%87&t=1703608129020,Weight Lifting
https://www.tiktok.com/@baimonxhealthy/video/7244187365797858565?q=%E0%B9%80%E0%B8%A7%E0%B8%97%E0%B9%80%E0%B8%97%E0%B8%A3%E0%B8%99%E0%B8%99%E0%B8%B4%E0%B9%88%E0%B8%87&t=1703608129020,Weight Lifting
https://www.tiktok.com/@bkj_x/video/7217799477787135258?q=%E0%B9%80%E0%B8%A7%E0%B8%97%E0%B9%80%E0%B8%97%E0%B8%A3%E0%B8%99%E0%B8%99%E0%B8%B4%E0%B9%88%E0%B8%87&t=1703608129020,Weight Lifting
https://www.tiktok.com/@bodyprojectofficial/video/7303759810938309894?q=%E0%B9%80%E0%B8%A7%E0%B8%97%E0%B9%80%E0%B8%97%E0%B8%A3%E0%B8%99%E0%B8%99%E0%B8%B4%E0%B9%88%E0%B8%87&t=1703608129020,Weight Lifting
https://www.tiktok.com/@coach_march/video/7228967573298187526?q=%E0%B8%AD%E0%B8%AD%E0%B8%81%E0%B8%81%E0%B8%B3%E0%B8%A5%E0%B8%B1%E0%B8%87%E0%B8%81%E0%B8%B2%E0%B8%A2%20%E0%B8%A5%E0%B8%94%E0%B8%99%E0%B9%89%E0%B8%B3%E0%B8%AB%E0%B8%99%E0%B8%B1%E0%B8%81&t=1703608823642,Weight Lifting
https://www.tiktok.com/@crazygirl_muscle/video/7297498262204976389?q=%E0%B9%80%E0%B8%A7%E0%B8%97%E0%B9%80%E0%B8%97%E0%B8%A3%E0%B8%99%E0%B8%99%E0%B8%B4%E0%B9%88%E0%B8%87&t=1703608129020,Weight Lifting
https://www.tiktok.com/@aim.aun/video/7272054009706417414?q=%E0%B9%82%E0%B8%A2%E0%B8%84%E0%B8%B0&t=1703593496885,Yoga
https://www.tiktok.com/@amiamm789/video/7185870631706053914?q=%E0%B9%82%E0%B8%A2%E0%B8%84%E0%B8%B0&t=1703593496885,Yoga
https://www.tiktok.com/@amiamm789/video/7188098056145898778?q=%E0%B9%82%E0%B8%A2%E0%B8%84%E0%B8%B0%E0%B9%80%E0%B8%9E%E0%B8%B7%E0%B9%88%E0%B8%AD%E0%B8%AA%E0%B8%B8%E0%B8%82%E0%B8%A0%E0%B8%B2%E0%B8%9E&t=1703605511305,Yoga
https://www.tiktok.com/@bbenp88/video/7203631475768446235?q=%E0%B9%82%E0%B8%A2%E0%B8%84%E0%B8%B0%E0%B9%80%E0%B8%9E%E0%B8%B7%E0%B9%88%E0%B8%AD%E0%B8%AA%E0%B8%B8%E0%B8%82%E0%B8%A0%E0%B8%B2%E0%B8%9E&t=1703605511305,Yoga
https://www.tiktok.com/@bbenp88/video/7203631475768446235?q=%E0%B9%82%E0%B8%A2%E0%B8%84%E0%B8%B0&t=1703593496885,Yoga
https://www.tiktok.com/@bbenp88/video/7226919213116574982?q=%E0%B9%82%E0%B8%A2%E0%B8%84%E0%B8%B0%E0%B9%80%E0%B8%9E%E0%B8%B7%E0%B9%88%E0%B8%AD%E0%B8%AA%E0%B8%B8%E0%B8%82%E0%B8%A0%E0%B8%B2%E0%B8%9E&t=1703605511305,Yoga
https://www.tiktok.com/@beaupreeya/video/7143995139659238683?q=%E0%B9%82%E0%B8%A2%E0%B8%84%E0%B8%B0&t=1703593496885,Yoga
https://www.tiktok.com/@boboatyogi/video/7260461103585545477?q=%E0%B9%82%E0%B8%A2%E0%B8%84%E0%B8%B0%E0%B9%80%E0%B8%9E%E0%B8%B7%E0%B9%88%E0%B8%AD%E0%B8%AA%E0%B8%B8%E0%B8%82%E0%B8%A0%E0%B8%B2%E0%B8%9E&t=1703605511305,Yoga
https://www.tiktok.com/@boboatyogi/video/7284436839270911238?q=%E0%B9%82%E0%B8%A2%E0%B8%84%E0%B8%B0&t=1703593496885,Yoga
https://www.tiktok.com/@bunroda/video/7268105672300973317?q=%E0%B9%82%E0%B8%A2%E0%B8%84%E0%B8%B0&t=1703593496885,Yoga
https://www.tiktok.com/@aaomntp/video/7306823879148801285,Haircare
https://www.tiktok.com/@earn.earnkan/video/7305728217913019653,Haircare
https://www.tiktok.com/@ideahaircut/video/7305653382574886149,Haircare
https://www.tiktok.com/@jailamer/video/7305726955339435270,Haircare
https://www.tiktok.com/@kusumasup/video/7305665492126108934,Haircare
https://www.tiktok.com/@ploy_makeup/video/7305622093842976006,Haircare
https://www.tiktok.com/@sistangkwa/video/7305650616238427397,Haircare
https://www.tiktok.com/@zo_pim/video/7305788179842616581,Haircare
https://www.tiktok.com/@10.042563/video/7314564015621983489,Makeup
https://www.tiktok.com/@21deccoolkid/video/7314875369717320966,Makeup
https://www.tiktok.com/@25pim/video/7309786109385395464,Makeup
https://www.tiktok.com/@25pim/video/7309812789219036424,Makeup
https://www.tiktok.com/@2pofficial/video/7305996059241729286,Makeup
https://www.tiktok.com/@2pofficial/video/7307476718003047686,Makeup
https://www.tiktok.com/@2pofficial/video/7307598328731192582,Makeup
https://www.tiktok.com/@2pofficial/video/7308313491708939525,Makeup
https://www.tiktok.com/@2pofficial/video/7310544984262970630,Makeup
https://www.tiktok.com/@4u2thailand/video/7311213282184973574,Makeup
https://www.tiktok.com/@aaa_attackallaround/video/7312372922591612166,Outfit
https://www.tiktok.com/@aittipatfoto/video/7305557232316321030,Outfit
https://www.tiktok.com/@all_aboutbitch/video/7305654938997181702,Outfit
https://www.tiktok.com/@aomiws/video/7305687502227016966,Outfit
https://www.tiktok.com/@aommko/video/7305725049791679750,Outfit
https://www.tiktok.com/@crmmel/video/7305716933138205958,Outfit
https://www.tiktok.com/@debonairchang/video/7305615295022976261,Outfit
https://www.tiktok.com/@garenarovthailand/video/7305756662319582470,Outfit
https://www.tiktok.com/@inicky_ad/video/7305698496818973957,Outfit
https://www.tiktok.com/@jebandotcom/video/7305749427510185221,Outfit
https://www.tiktok.com/@148cm.xq/video/7306890580200525061,Skincare
https://www.tiktok.com/@2madames/video/7306805430326430982,Skincare
https://www.tiktok.com/@2pofficial/video/7308723982470089989,Skincare
https://www.tiktok.com/@4u2thailand/video/7305699454093462789,Skincare
https://www.tiktok.com/@8first8/video/7312881375990861061,Skincare
https://www.tiktok.com/@aaeeyyy17/video/7313520452373122309,Skincare
https://www.tiktok.com/@aaomntp/video/7313524479919967494,Skincare
https://www.tiktok.com/@aaomntp/video/7314268946453122309,Skincare
https://www.tiktok.com/@achasai/video/7310612142439337222,Skincare
https://www.tiktok.com/@achirachaya92/video/7306845648190590213,Skincare
https://www.tiktok.com/@bagelsnobeagle/video/7218207259426426138?q=%E0%B8%97%E0%B9%88%E0%B8%AD%E0%B8%87%E0%B9%80%E0%B8%97%E0%B8%B5%E0%B9%88%E0%B8%A2%E0%B8%A7&t=1702546745184,Accommodation
https://www.tiktok.com/@chanan.travel/video/7242928632191044869?q=%E0%B8%A3%E0%B8%B5%E0%B8%A7%E0%B8%B4%E0%B8%A7%E0%B8%97%E0%B8%B5%E0%B9%88%E0%B9%80%E0%B8%97%E0%B8%B5%E0%B9%88%E0%B8%A2%E0%B8%A7&t=1702564801551,Accommodation
https://www.tiktok.com/@fahhkw/video/7280484539359595781?q=%E0%B8%A3%E0%B8%B5%E0%B8%A7%E0%B8%B4%E0%B8%A7%E0%B8%97%E0%B8%B5%E0%B9%88%E0%B9%80%E0%B8%97%E0%B8%B5%E0%B9%88%E0%B8%A2%E0%B8%A7&t=1702564801551,Accommodation
https://www.tiktok.com/@gungangjakpigud/video/7289752856134012165?q=%E0%B8%97%E0%B9%88%E0%B8%AD%E0%B8%87%E0%B9%80%E0%B8%97%E0%B8%B5%E0%B9%88%E0%B8%A2%E0%B8%A7&t=1702546745184,Accommodation
https://www.tiktok.com/@ihomesickalienn/video/7123193079162506523?q=%E0%B8%97%E0%B9%88%E0%B8%AD%E0%B8%87%E0%B9%80%E0%B8%97%E0%B8%B5%E0%B9%88%E0%B8%A2%E0%B8%A7&t=1702546745184,Accommodation
https://www.tiktok.com/@laksanapornfern/video/7231597232825421062?q=%E0%B8%A3%E0%B8%B5%E0%B8%A7%E0%B8%B4%E0%B8%A7%E0%B8%97%E0%B8%B5%E0%B9%88%E0%B9%80%E0%B8%97%E0%B8%B5%E0%B9%88%E0%B8%A2%E0%B8%A7&t=1702564801551,Accommodation
https://www.tiktok.com/@miew_nuttida/video/7287200557943524613?q=%E0%B8%A3%E0%B8%B5%E0%B8%A7%E0%B8%B4%E0%B8%A7%E0%B8%97%E0%B8%B5%E0%B9%88%E0%B9%80%E0%B8%97%E0%B8%B5%E0%B9%88%E0%B8%A2%E0%B8%A7&t=1702564801551,Accommodation
https://www.tiktok.com/@neelynna.review/video/7296807455256743174?q=%E0%B8%A3%E0%B8%B5%E0%B8%A7%E0%B8%B4%E0%B8%A7%E0%B8%97%E0%B8%B5%E0%B9%88%E0%B9%80%E0%B8%97%E0%B8%B5%E0%B9%88%E0%B8%A2%E0%B8%A7&t=1702564801551,Accommodation
https://www.tiktok.com/@onthewayjourney/video/7182495970842758427?q=%E0%B8%97%E0%B9%88%E0%B8%AD%E0%B8%87%E0%B9%80%E0%B8%97%E0%B8%B5%E0%B9%88%E0%B8%A2%E0%B8%A7&t=1702546745184,Accommodation
https://www.tiktok.com/@pitch_limprapat/video/7225251589957700870?q=%E0%B8%97%E0%B9%88%E0%B8%AD%E0%B8%87%E0%B9%80%E0%B8%97%E0%B8%B5%E0%B9%88%E0%B8%A2%E0%B8%A7&t=1702546745184,Accommodation
https://www.tiktok.com/@amy.aaaaaaa/video/7300059051176545542?q=%E0%B8%97%E0%B9%88%E0%B8%AD%E0%B8%87%E0%B9%80%E0%B8%97%E0%B8%B5%E0%B9%88%E0%B8%A2%E0%B8%A7&t=1702546745184,Adventure
https://www.tiktok.com/@babyjolystar/video/7270463328810437894?q=%E0%B8%97%E0%B9%88%E0%B8%AD%E0%B8%87%E0%B9%80%E0%B8%97%E0%B8%B5%E0%B9%88%E0%B8%A2%E0%B8%A7&t=1702546745184,Adventure
https://www.tiktok.com/@bas_gowentgo/video/7111650139462257946?q=%E0%B8%A3%E0%B8%B5%E0%B8%A7%E0%B8%B4%E0%B8%A7%E0%B8%97%E0%B8%B5%E0%B9%88%E0%B9%80%E0%B8%97%E0%B8%B5%E0%B9%88%E0%B8%A2%E0%B8%A7&t=1702564801551,Adventure
https://www.tiktok.com/@bas_gowentgo/video/7115404467658345755?q=%E0%B8%97%E0%B9%88%E0%B8%AD%E0%B8%87%E0%B9%80%E0%B8%97%E0%B8%B5%E0%B9%88%E0%B8%A2%E0%B8%A7&t=1702546745184,Adventure
https://www.tiktok.com/@bas_gowentgo/video/7116836459687972098?q=%E0%B8%97%E0%B9%88%E0%B8%AD%E0%B8%87%E0%B9%80%E0%B8%97%E0%B8%B5%E0%B9%88%E0%B8%A2%E0%B8%A7&t=1702546745184,Adventure
https://www.tiktok.com/@bellephat/video/7307597582627261702?q=%E0%B8%97%E0%B9%88%E0%B8%AD%E0%B8%87%E0%B9%80%E0%B8%97%E0%B8%B5%E0%B9%88%E0%B8%A2%E0%B8%A7&t=1702546745184,Adventure
https://www.tiktok.com/@bemolibeam/video/7185522023739739419?q=%E0%B8%97%E0%B9%88%E0%B8%AD%E0%B8%87%E0%B9%80%E0%B8%97%E0%B8%B5%E0%B9%88%E0%B8%A2%E0%B8%A7&t=1702546745184,Adventure
https://www.tiktok.com/@cha_pa_pai/video/7126853905350200603?q=%E0%B8%97%E0%B9%88%E0%B8%AD%E0%B8%87%E0%B9%80%E0%B8%97%E0%B8%B5%E0%B9%88%E0%B8%A2%E0%B8%A7&t=1702546745184,Adventure
https://www.tiktok.com/@chatcha_ck/video/7286056104835026181?q=%E0%B8%97%E0%B9%88%E0%B8%AD%E0%B8%87%E0%B9%80%E0%B8%97%E0%B8%B5%E0%B9%88%E0%B8%A2%E0%B8%A7&t=1702546745184,Adventure
https://www.tiktok.com/@cheepigud/video/7256765013292027142?q=%E0%B8%97%E0%B9%88%E0%B8%AD%E0%B8%87%E0%B9%80%E0%B8%97%E0%B8%B5%E0%B9%88%E0%B8%A2%E0%B8%A7&t=1702546745184,Adventure
https://www.tiktok.com/@alittleroom.neighborhood/video/7303854294921383174?q=%E0%B8%97%E0%B9%88%E0%B8%AD%E0%B8%87%E0%B9%80%E0%B8%97%E0%B8%B5%E0%B9%88%E0%B8%A2%E0%B8%A7&t=1702546745184,Culture
https://www.tiktok.com/@aoncheerapa/video/7199200800466275611?q=%E0%B8%97%E0%B9%88%E0%B8%AD%E0%B8%87%E0%B9%80%E0%B8%97%E0%B8%B5%E0%B9%88%E0%B8%A2%E0%B8%A7&t=1702546745184,Culture
https://www.tiktok.com/@bas_gowentgo/video/7156936120146709786?q=%E0%B8%97%E0%B9%88%E0%B8%AD%E0%B8%87%E0%B9%80%E0%B8%97%E0%B8%B5%E0%B9%88%E0%B8%A2%E0%B8%A7&t=1702546745184,Culture
https://www.tiktok.com/@bas_gowentgo/video/7221860342576549147?q=%E0%B8%97%E0%B9%88%E0%B8%AD%E0%B8%87%E0%B9%80%E0%B8%97%E0%B8%B5%E0%B9%88%E0%B8%A2%E0%B8%A7&t=1702546745184,Culture
https://www.tiktok.com/@bbrightxz/video/7219617254139235611?q=%E0%B8%97%E0%B9%88%E0%B8%AD%E0%B8%87%E0%B9%80%E0%B8%97%E0%B8%B5%E0%B9%88%E0%B8%A2%E0%B8%A7&t=1702546745184,Culture
https://www.tiktok.com/@bellephat/video/7106523404253121818?q=%E0%B8%97%E0%B9%88%E0%B8%AD%E0%B8%87%E0%B9%80%E0%B8%97%E0%B8%B5%E0%B9%88%E0%B8%A2%E0%B8%A7&t=1702546745184,Culture
https://www.tiktok.com/@bemolibeam/video/7119856194549763355?q=%E0%B8%97%E0%B9%88%E0%B8%AD%E0%B8%87%E0%B9%80%E0%B8%97%E0%B8%B5%E0%B9%88%E0%B8%A2%E0%B8%A7&t=1702546745184,Culture
https://www.tiktok.com/@bestiewanderer/video/7194012306261445914?q=%E0%B8%97%E0%B9%88%E0%B8%AD%E0%B8%87%E0%B9%80%E0%B8%97%E0%B8%B5%E0%B9%88%E0%B8%A2%E0%B8%A7&t=1702546745184,Culture
https://www.tiktok.com/@bestiewanderer/video/7280557494508817670?q=%E0%B8%97%E0%B9%88%E0%B8%AD%E0%B8%87%E0%B9%80%E0%B8%97%E0%B8%B5%E0%B9%88%E0%B8%A2%E0%B8%A7&t=1702546745184,Culture
https://www.tiktok.com/@fahhkw/video/7297591052620500229?q=%E0%B8%97%E0%B9%88%E0%B8%AD%E0%B8%87%E0%B9%80%E0%B8%97%E0%B8%B5%E0%B9%88%E0%B8%A2%E0%B8%A7&t=1702546745184,Culture
https://www.tiktok.com/@aurora99686/video/7303043719199067397?q=%E0%B8%97%E0%B9%88%E0%B8%AD%E0%B8%87%E0%B9%80%E0%B8%97%E0%B8%B5%E0%B9%88%E0%B8%A2%E0%B8%A7&t=1702546745184,Food and drink
https://www.tiktok.com/@baristahamburg/video/7261187275709484314?q=%23cafe&t=1702547558383,Food and drink
https://www.tiktok.com/@chalalacakehouse/video/7114176238582811931?q=%23cafe&t=1702547558383,Food and drink
https://www.tiktok.com/@continue.cafe/video/7307201291992829189?q=%23cafe&t=1702547558383,Food and drink
https://www.tiktok.com/@downittayaa/video/7192957014211857691?q=Vlogs%20%E0%B9%84%E0%B8%9B%E0%B9%80%E0%B8%97%E0%B8%B5%E0%B9%88%E0%B8%A2%E0%B8%A7&t=1702547477389,Food and drink
https://www.tiktok.com/@gor.yak.teaw/video/7254520901792713990?q=%23cafe&t=1702547558383,Food and drink
https://www.tiktok.com/@mmmmm_ai/video/7226671444447481094?q=%23cafe&t=1702547558383,Food and drink
https://www.tiktok.com/@onthewayjourney/video/7248854328738450694?q=%23cafe&t=1702547558383,Food and drink
https://www.tiktok.com/@review.as.you.like/video/7234484036306078981?q=%23cafe&t=1702547558383,Food and drink
https://www.tiktok.com/@reviewpairueipuei/video/7170240096648613147?q=%E0%B8%97%E0%B9%88%E0%B8%AD%E0%B8%87%E0%B9%80%E0%B8%97%E0%B8%B5%E0%B9%88%E0%B8%A2%E0%B8%A7&t=1702546745184,Food and drink
